{"cameraMode":{"drawMode":0,"name":"Shaded","section":"Shading Mode"},"sceneLighting":true,"audioPlay":false,"sceneViewState":{"m_AlwaysRefresh":false,"showFog":true,"showSkybox":true,"showFlares":true,"showImageEffects":true,"showParticleSystems":true,"showVisualEffectGraphs":true,"m_FxEnabled":false},"in2DMode":false,"pivot":{"x":-18.550121307373048,"y":-13.152618408203125,"z":21.87441062927246},"rotation":{"x":0.21405623853206635,"y":-0.29109156131744387,"z":0.06698033213615418,"w":0.9300605058670044},"size":24.409652709960939,"orthographic":false}